dataset,method,num_markers,n_runs,celltype_knn_accuracy_mean,celltype_knn_accuracy_std,time_knn_pearson_mean,time_knn_pearson_std,spatial_pearson_mean,spatial_pearson_std,knn_overlap_mean_avg_mean,knn_overlap_mean_avg_std
elegans_mirna,activeSVM,12,5,0.35254855222314585,0.012968481385128785,0.9669197205721014,0.01314296545298256,,,0.275626,0.01571284071494824
elegans_mirna,persist_sup,12,5,0.3563106443582492,0.010998716272884679,0.958312826526195,0.008908166197335908,,,0.27654066666666666,0.010058712751750189
elegans_mirna,persist_unsup,12,5,0.32897809699382413,0.012027844053355146,0.9604207487307581,0.0034074640618515246,,,0.355392,0.02570668866700303
elegans_mirna,scGIST,12,5,0.2776013197292725,0.01206711965685781,0.8392043156769405,0.09083033974371979,,,0.20966799999999997,0.03668584056250832
elegans_mirna,scGeneFit,12,5,0.31304438645233834,0.007958492580715371,0.9494816381926172,0.022772230917699927,,,0.3557113333333334,0.016986543628544484
elegans_mirna,spapros,12,2,0.29961767986049404,0.00047673750258772743,0.786102189450077,0.0032989054313316184,,,0.2304633333333333,0.0018384776310850174
elegans_mirna,activeSVM,16,5,0.37644299803004816,0.012464285676226266,0.9744708764502926,0.004208957473982392,,,0.33183066666666666,0.014338917013188623
elegans_mirna,persist_sup,16,5,0.36935760035504456,0.009822492245769565,0.9502250018661315,0.042423060183849746,,,0.3490406666666666,0.006613021414015092
elegans_mirna,persist_unsup,16,5,0.3591329634361466,0.013282038086790616,0.9618860759505757,0.008142940300200385,,,0.44108066666666657,0.016398403445322222
elegans_mirna,scGIST,16,5,0.31814329347470266,0.012693873389387562,0.8828196236889052,0.07050832090073371,,,0.33570466666666665,0.02546327099961826
elegans_mirna,scGeneFit,16,5,0.35706765453573774,0.016614457170595218,0.9668561986607065,0.004488903505343366,,,0.4656593333333333,0.03385526263046527
elegans_mirna,spapros,16,2,0.3219495381598595,0.0029695568745897105,0.8183820332637887,0.0056427147975277436,,,0.3033933333333333,0.001206795573225018
elegans_mirna,activeSVM,24,5,0.40378262595595754,0.012400514802989662,0.9767351606591841,0.003577698173502382,,,0.4322393333333333,0.005933159828923852
elegans_mirna,persist_sup,24,5,0.38900426975430713,0.014292363971229039,0.9656151339603716,0.008801513268134283,,,0.4911953333333334,0.01380972575960709
elegans_mirna,persist_unsup,24,5,0.3799147617144939,0.013607662323043546,0.963619001959698,0.005945959320336061,,,0.5700113333333332,0.0393779414139439
elegans_mirna,scGIST,24,5,0.3563647172189875,0.01745198983149495,0.9058439639079282,0.05741480547122347,,,0.5448660000000001,0.04250920902842375
elegans_mirna,scGeneFit,24,5,0.38030705500791673,0.02115232091058186,0.9577862284981018,0.026223694039333688,,,0.5882553333333334,0.028227661039798815
elegans_mirna,spapros,24,2,0.36614161767869274,0.0044730707728693215,0.923497062062777,0.0035677113345225497,,,0.46498666666666655,0.004186072144624309
elegans_mirna,SMITH_local_refine_round13_trial0022_validated,32,5,0.40290990936841065,0.010707590998475914,0.9727612113576225,0.003954733276518707,,,0.5862266666666667,0.030750534683698375
elegans_mirna,SMITH_overlap_guarded_postfix_validated,32,5,0.3894086731907109,0.00916920043385251,0.9590996523693205,0.01532467144815253,,,0.7380826666666667,0.019017014078041877
elegans_mirna,SMITH_overlap_guarded_v1_live_validated,32,5,0.3994770848695451,0.011460624189764798,0.967818220991213,0.003660385355629125,,,0.7387193333333333,0.03477744586813572
elegans_mirna,activeSVM,32,5,0.40735751793980485,0.006379559232516331,0.9744323774201764,0.003961673914044151,,,0.550944,0.017329931461042836
elegans_mirna,persist_sup,32,5,0.3993397081457477,0.011392452252231141,0.9702031843175085,0.002647270606300659,,,0.6060166666666666,0.017346924639383386
elegans_mirna,persist_unsup,32,5,0.3949508323598624,0.011290662449092487,0.9675552714605973,0.00322024281328303,,,0.6524806666666667,0.03524012780592294
elegans_mirna,scGIST,32,5,0.3806205332795236,0.01737986462078499,0.9594251231853402,0.007523812000359918,,,0.6660539999999999,0.02791125931710475
elegans_mirna,scGeneFit,32,5,0.40283139039543714,0.007703419606943327,0.971336683706889,0.003106652673717828,,,0.7394246666666667,0.03343999124468256
elegans_mirna,spapros,32,2,0.3943310031464238,0.00021695354602982043,0.9707599472075437,0.0009220054169113805,,,0.600765,0.0034813223860416915
elegans_tf,activeSVM,16,5,0.4801879330615759,0.030051524289660087,0.7931103373130212,0.029658331542243035,0.5415497541427612,0.04545501605736677,0.39112199999999997,0.010511459513840674
elegans_tf,persist_sup,16,5,0.5165060265384737,0.02006849021817151,0.7853992417596813,0.029352999189014326,0.5264505803585052,0.06794628523433763,0.3748533333333333,0.006288755838796714
elegans_tf,persist_unsup,16,5,0.4637329731995826,0.02486939756774853,0.8190612452296492,0.030074366039940615,0.601012670993805,0.01739935297289827,0.4182026666666666,0.014755705751410967
elegans_tf,scGIST,16,5,0.33478148656821816,0.0285473542223797,0.7864385935355909,0.042416130697096564,0.5139613807201385,0.027172283097802105,0.3726653333333333,0.01812394680464987
elegans_tf,scGeneFit,16,5,0.4452225771783963,0.02632999574144699,0.8408721759819937,0.012223281306742113,0.5481087923049927,0.046889006451497406,0.422056,0.03187055340662355
elegans_tf,spapros,16,5,0.237015237257322,0.005057787052686398,0.7207764494742899,0.01485864141994275,0.42226421236991885,0.012020836751256701,0.19654466666666665,0.00483550330598814
elegans_tf,SMITH_multi_panel_trial0013_validated,32,5,0.596984978884406,0.010731905051219978,0.8703237919982036,0.013918601557609524,,,0.494262,0.004674132480412197
elegans_tf,activeSVM,32,5,0.5659649139934209,0.010732178646462386,0.8815383785220735,0.015279026531692259,0.6356158375740051,0.03993226368663585,0.526416,0.008613736252185913
elegans_tf,persist_sup,32,5,0.5705549702753452,0.009416748928126146,0.840803531028629,0.030148749600642122,0.608587121963501,0.05510291337747672,0.4725946666666666,0.01296111654998217
elegans_tf,persist_unsup,32,5,0.5267089642692498,0.019453412581445093,0.8710401312678169,0.02035116826250263,0.6528161764144897,0.009364630524653476,0.527676,0.01154309326923349
elegans_tf,scGIST,32,5,0.4412026381217232,0.04467560148943899,0.8518893538185978,0.029747719604946064,0.6002674221992492,0.017886148197022503,0.4862073333333333,0.014520191956184553
elegans_tf,scGeneFit,32,5,0.5031758062454755,0.020216785159808886,0.8693356820869316,0.020715131330504254,0.6226876735687256,0.03784693434247099,0.5372253333333333,0.023056184949909776
elegans_tf,spapros,32,5,0.3224770248288736,0.010941380610958399,0.7621353906521342,0.020943014447574262,0.5843274831771851,0.017846430219002944,0.33196,0.007976735269241112
elegans_tf,SMITH_multi_panel_trial0013_validated,64,5,0.6131876020850079,0.015410208277015088,0.9046520950179845,0.02425015266926698,,,0.595458,0.010470202587448893
elegans_tf,SMITH_overlap_guarded_postfix_validated,64,5,0.5935662324338116,0.013387919903631829,0.8888254807087067,0.030932764370668775,0.7147501230239868,0.013574017954192653,0.6053993333333334,0.00805288816374457
elegans_tf,SMITH_overlap_guarded_v1_live_validated,64,5,0.5849837659684373,0.01466226232972282,0.8841051431476403,0.032673901005465945,0.7304656624794006,0.015312693439594406,0.6028726666666666,0.005325557560794297
elegans_tf,activeSVM,64,5,0.5689467639510839,0.02039591547877267,0.9025841590672379,0.025774536631369877,0.7094305038452149,0.012760216006033238,0.6449253333333334,0.006213387249408459
elegans_tf,persist_sup,64,5,0.5963746760406395,0.023744947040552133,0.8734250621379708,0.025290574734123532,0.6797896742820739,0.026945369374814097,0.5534173333333333,0.005678090152311544
elegans_tf,persist_unsup,64,5,0.5529868866499157,0.026818480036336783,0.9002744883309649,0.0234119705352421,0.7163678169250488,0.007089109967689754,0.6279226666666666,0.003972100899468133
elegans_tf,scGIST,64,5,0.4818912783310851,0.01661927581294677,0.8798166573614516,0.023692063971933207,0.688296091556549,0.03713764655633694,0.5923013333333333,0.018799723638630694
elegans_tf,scGeneFit,64,5,0.5231646394681471,0.025655388401830827,0.8908720226974781,0.032718477019421606,0.7110584378242493,0.02615476988725691,0.627,0.04254099388955444
elegans_tf,spapros,64,5,0.4225351801298795,0.012312126437795582,0.8446594663369839,0.009721095902083629,0.660999310016632,0.01183263665054473,0.48250000000000004,0.007193514440105098
elegans_tf,SMITH_multi_panel_trial0013_validated,128,5,0.586047330990152,0.022108115301855094,0.9153901666809027,0.01941531188557661,,,0.7556273333333333,0.005741496804454048
elegans_tf,activeSVM,128,5,0.5521160808087097,0.013200685389618364,0.9037612004296471,0.015570816445470816,0.7856548428535461,0.004367714807313902,0.7724966666666667,0.01179866235356085
elegans_tf,persist_sup,128,5,0.5790584761586295,0.012789471162027513,0.8904963759343284,0.027300994697654728,0.7426196575164795,0.029457751150234957,0.6496500000000001,0.006616607052628182
elegans_tf,persist_unsup,128,5,0.5688986003816326,0.021384974749756848,0.9068303249400046,0.014823116943766448,0.7657263278961182,0.015949636833783285,0.738688,0.012720186625115952
elegans_tf,scGIST,128,5,0.546045719744035,0.018396832193811635,0.901581926841612,0.01978432179781438,0.7596922636032104,0.009729428219495842,0.7500786666666667,0.013238428406221985
elegans_tf,scGeneFit,128,5,0.544921915715394,0.015409004603530167,0.8958369548463118,0.012035926097977602,0.7650490999221802,0.014846796932558137,0.7459373333333332,0.035176241619087785
elegans_tf,spapros,128,5,0.517351782637008,0.019101796297991996,0.8660466910025463,0.017149296996093962,0.7534083604812623,0.013574663957032685,0.669816,0.0035108042763256206
